id,first_name,last_name,email,gender,ip_address,referee
6/8/19,Portugal,Morocco,4,3,H,Martynne Bollum
2/26/20,Peru,China,3,4,A,Maisey Glavias
6/27/19,Czech Republic,Madagascar,1,3,A,Cory Mayow
12/16/19,China,Indonesia,3,1,H,Aubrey Doag
12/21/19,Indonesia,Russia,4,3,H,Wang Kellick
4/6/20,Greece,Bulgaria,1,2,A,Vernen McGraffin
4/7/20,Croatia,Brazil,1,4,A,Geneva Pie
12/5/19,China,Indonesia,1,1,D,Porter MacCurtain
4/18/20,United States,Germany,2,2,D,Manolo Faivre
9/4/19,Indonesia,Indonesia,4,4,D,Domingo Danilishin
2/17/20,China,Cuba,1,2,A,Thatch Gullick
5/12/19,Indonesia,Finland,4,4,D,Monty Rodenburg
4/20/19,Canada,South Africa,4,1,H,Brynna Twinterman
6/16/19,Indonesia,Japan,4,1,H,Townie Portugal
12/24/19,China,Mongolia,2,3,A,Serena MacGuffie
3/25/20,China,Philippines,2,4,A,Sondra Doudney
10/25/19,Afghanistan,Indonesia,1,1,D,Ginny Kermath
1/7/20,Albania,Indonesia,1,1,D,Thedrick Combes
5/10/19,Russia,China,4,2,H,Jorie Schowenburg
5/28/19,Argentina,Chile,2,4,A,Jeannie Swayte
7/13/19,Pakistan,Indonesia,4,1,H,Ram Pacitti
1/24/20,Poland,China,4,1,H,Nicolai Grills
2/4/20,Indonesia,Greece,4,1,H,Juliette Frangione
1/20/20,Poland,Brazil,1,4,A,Haskel Cregg
2/20/20,Pakistan,China,1,3,A,Silas Aguirrezabal
9/20/19,Colombia,Indonesia,3,4,A,Viviyan O'Quin
9/5/19,Israel,China,3,3,D,Jody Boulder
7/28/19,Nigeria,China,3,2,H,Tracey Salasar
8/12/19,Indonesia,China,3,1,H,Davidde Sawart
10/23/19,Poland,Yemen,2,1,H,Lexi Boom
7/1/19,Poland,Nicaragua,1,2,A,Thatch O'Fergus
1/4/20,Indonesia,Namibia,1,3,A,Jackie Dingle
11/7/19,Brazil,Syria,4,3,H,Care Harler
7/2/19,Brazil,Brazil,3,4,A,Magda Twiddy
6/10/19,Ecuador,Sweden,2,2,D,Maddalena Blatherwick
10/8/19,Ukraine,China,4,4,D,Walther Sandercock
2/9/20,China,Philippines,1,4,A,Sande Antoszczyk
8/6/19,Belarus,Indonesia,2,4,A,Penrod Lilly
9/6/19,Mongolia,Kazakhstan,1,3,A,Maridel Godridge
12/19/19,Portugal,Armenia,4,4,D,Cymbre Samwell
11/24/19,Philippines,Poland,3,4,A,Keri Hallows
8/17/19,Peru,Vietnam,1,4,A,Holt McKennan
8/22/19,Palestinian Territory,Poland,1,3,A,Artemis Blesdill
7/24/19,Canada,Croatia,4,4,D,Alissa McLugish
11/1/19,Argentina,China,1,2,A,Annabal Craigmyle
6/12/19,Poland,Peru,4,4,D,Piggy Boundey
5/19/19,Peru,Venezuela,2,2,D,Dag MacCague
2/18/20,Poland,Philippines,1,1,D,Ali Margrett
4/8/20,France,Philippines,1,1,D,Blakelee Hovenden
9/3/19,Nigeria,United States,3,3,D,Lebbie Gregolin
6/22/19,Portugal,China,2,1,H,Hermione Bendelow
6/8/19,France,China,1,2,A,Gar Keith
1/12/20,Indonesia,Brazil,4,1,H,Nicolis Stavers
9/15/19,Syria,Denmark,4,2,H,Harley Downie
1/21/20,China,Russia,4,2,H,Jaimie Graber
12/18/19,China,China,2,4,A,Delmar Halbord
10/7/19,China,Indonesia,2,2,D,Allie Norridge
11/1/19,France,Thailand,2,3,A,Reggie Erdely
2/6/20,Indonesia,Czech Republic,1,2,A,Cesya Spickett
3/20/20,Nigeria,Indonesia,4,4,D,Hewett Oxteby
3/13/20,China,Brazil,4,2,H,Glenn Sutherington
10/13/19,France,Czech Republic,1,2,A,Andrew McAlindon
11/6/19,Poland,Portugal,3,3,D,Gabriel Balshaw
9/8/19,Azerbaijan,Poland,1,3,A,Karena Ord
6/4/19,Morocco,Malaysia,1,2,A,Cammi Stroband
1/14/20,China,Thailand,2,3,A,Jess Paprotny
12/17/19,China,Thailand,1,4,A,Alys Weafer
9/3/19,China,China,3,4,A,Glenda Ivic
2/7/20,Chile,Botswana,1,1,D,Kort Ferreres
12/20/19,Oman,Japan,4,4,D,Gearalt Hanhardt
5/1/19,Belarus,Cuba,2,2,D,Gillie Ubsdall
7/26/19,China,Nigeria,3,1,H,Elsbeth Maryan
12/21/19,France,China,1,1,D,Adella Venton
3/8/20,Czech Republic,Iran,1,4,A,Konrad Trickey
4/3/20,France,Indonesia,1,4,A,Nickolai Stritton
5/16/19,France,Kenya,1,3,A,Dori Puddan
6/29/19,Brazil,Thailand,2,1,H,Rice Winslade
9/25/19,Canada,Afghanistan,2,3,A,Quillan Trelevan
8/22/19,China,Croatia,4,1,H,Ethelind Grigorkin
3/7/20,China,United States,2,1,H,Mary Feaveryear
5/10/19,France,China,3,2,H,Harland Penella
11/9/19,Cameroon,Yemen,4,1,H,Keith Oliver-Paull
1/29/20,Peru,Sweden,3,4,A,Mortimer Davidovits
7/28/19,Dominican Republic,Philippines,1,2,A,Mavis Bilbery
1/1/20,Colombia,Poland,2,1,H,Davon Gaylor
9/22/19,Kenya,Ukraine,3,3,D,Ferrell Housley
9/8/19,Russia,Indonesia,1,3,A,Katlin Twede
7/27/19,Honduras,United Kingdom,1,1,D,Leonidas Widocks
4/11/20,China,Iraq,4,4,D,Eric Dressel
6/5/19,Peru,Mongolia,4,4,D,Hort Trusler
1/11/20,Bangladesh,Laos,4,4,D,Xylia Jayne
10/15/19,Sudan,Israel,3,2,H,Mab Whybray
11/28/19,Russia,Philippines,3,3,D,Shirlee Arthan
6/23/19,Argentina,Argentina,1,3,A,Guthry Stanway
10/31/19,China,South Africa,3,2,H,Deni Goodenough
6/14/19,Sweden,Belarus,3,3,D,Griffin O'Caine
3/19/20,Australia,Poland,4,4,D,Sharia Wrotham
5/26/19,Brazil,South Korea,1,3,A,Adolphus Demanche
4/28/19,Russia,China,4,1,H,Sherm Pietrzyk
12/4/19,South Africa,North Korea,3,3,D,Leonora Binder
10/10/19,China,Cameroon,3,2,H,Darin Kristiansen
3/13/20,Sweden,Belize,1,2,A,Jakie Esselin
10/27/19,Malaysia,Greece,1,1,D,Berget Jovic
3/10/20,Denmark,Malta,3,3,D,Adair Artin
2/19/20,Mauritania,France,4,2,H,Lyn Borrett
8/22/19,China,Indonesia,3,4,A,Brodie Demelt
4/19/20,Brazil,Philippines,2,2,D,Felizio Belly
3/28/20,Portugal,Philippines,3,4,A,Lev Lush
12/24/19,Indonesia,China,4,4,D,Cathy Berthome
12/1/19,Sweden,China,2,1,H,Tam McIan
9/27/19,Tunisia,Sweden,3,2,H,Cassaundra Karpf
10/26/19,Mexico,Poland,3,2,H,Bebe Oakenfull
10/19/19,Syria,Malaysia,1,1,D,Kirbee Senn
3/31/20,Indonesia,Indonesia,3,4,A,Duky Beaman
3/13/20,Brazil,Russia,3,4,A,Bald Dorman
4/13/20,China,Indonesia,4,3,H,Oren Janson
12/28/19,Indonesia,China,4,2,H,Henrieta Boorn
12/26/19,Indonesia,Sweden,1,2,A,Kristien Phelips
11/9/19,Brazil,Afghanistan,2,4,A,Filippa Jedrzejczyk
2/14/20,Kazakhstan,Angola,2,3,A,Vite Fawbert
3/9/20,Portugal,Brazil,1,4,A,Morley Clingoe
1/31/20,Egypt,China,4,3,H,Brendis Widdocks
11/6/19,China,Indonesia,4,2,H,Coriss Hanselman
4/17/20,New Zealand,Russia,4,2,H,Edik Jestico
9/15/19,Portugal,Tunisia,3,2,H,Trip Marriage
4/11/20,China,Mexico,1,1,D,Jedd Sharpe
9/13/19,Philippines,Morocco,3,2,H,Nealon Langcaster
8/15/19,France,Bosnia and Herzegovina,2,2,D,Hedwiga Hadden
6/1/19,France,South Africa,2,4,A,Clerkclaude Eady
2/12/20,United States,United States,4,3,H,Wilmette Willcock
7/25/19,Indonesia,Russia,3,3,D,Dougy Ragat
10/22/19,China,Argentina,4,2,H,Douglas Westcott
12/2/19,Uruguay,China,3,4,A,Siward Beatens
3/17/20,China,Philippines,2,4,A,Mayer Pennycook
11/22/19,South Korea,Indonesia,4,1,H,Wain Shoard
9/20/19,Russia,United States,2,3,A,Kalila Wotton
4/23/19,Macedonia,Philippines,4,2,H,Yasmin Clogg
10/20/19,China,Portugal,1,4,A,Delcina Gherarducci
6/27/19,Kenya,Botswana,1,3,A,Tawnya Epperson
11/14/19,China,Poland,4,4,D,Jewelle Stutter
4/23/19,United Kingdom,China,1,1,D,Jobyna Stook
6/20/19,Philippines,Indonesia,3,1,H,Mariann Cherry Holme
10/1/19,China,Iran,1,1,D,Genni Mance
2/3/20,Indonesia,Indonesia,4,4,D,Gale Stanners
9/9/19,Indonesia,China,4,1,H,Townsend Woodroofe
4/26/19,Portugal,China,3,4,A,Hermann Mordin
7/12/19,Cameroon,Philippines,3,2,H,Kane Sallery
11/28/19,China,Indonesia,1,1,D,Mignonne Lavies
11/14/19,Tajikistan,Russia,3,4,A,Tuckie Zielinski
10/21/19,Indonesia,China,2,3,A,Ysabel Clapton
11/2/19,Indonesia,Cyprus,1,2,A,Amye Saph
8/3/19,Czech Republic,China,2,1,H,Nissa Olesen
3/22/20,Brazil,Costa Rica,4,2,H,Marina Winn
1/10/20,Cuba,China,4,4,D,Rich Lathe
2/2/20,Colombia,China,2,4,A,Paolo Guiducci
7/25/19,Finland,Peru,3,1,H,Ethan Cropp
8/4/19,Montenegro,China,3,2,H,Helen Calendar
12/9/19,Philippines,France,1,3,A,Basia Brownsea
4/22/19,Indonesia,Brazil,3,4,A,Broddy Burkman
8/1/19,Indonesia,Czech Republic,4,3,H,Kelwin Gamwell
8/30/19,Morocco,Russia,3,1,H,Eileen Yoodall
9/26/19,Indonesia,Portugal,1,3,A,Anetta Sherwyn
5/3/19,Indonesia,Argentina,1,2,A,Gerard Santo
8/12/19,Brazil,China,4,1,H,Culver Syrie
7/19/19,Russia,Sweden,2,2,D,Melodie Rupke
3/22/20,Philippines,Slovenia,1,1,D,Sherwin O'Heffernan
12/6/19,Syria,Burundi,2,3,A,Weber Hanmer
7/7/19,China,Greece,1,1,D,Augie Attenbarrow
8/22/19,Canada,Peru,2,1,H,Anastasie Fantini
9/29/19,Burkina Faso,Nigeria,2,2,D,Gwen Plunkett
6/23/19,Sweden,China,3,3,D,Adolpho Hindshaw
3/8/20,Philippines,China,1,3,A,Jonis Crellim
3/6/20,Netherlands,Indonesia,3,3,D,Boigie Isgar
10/6/19,Philippines,Czech Republic,4,1,H,Levey Merill
4/28/19,New Zealand,Philippines,2,1,H,Mariette Lymbourne
2/13/20,China,Philippines,2,2,D,Fonsie Hargraves
12/10/19,Finland,Honduras,1,2,A,Wilt Heditch
6/21/19,Indonesia,Greece,2,1,H,Wileen Dederich
5/29/19,Mexico,Indonesia,4,2,H,Rosabel Martensen
8/22/19,Romania,Albania,1,3,A,Greer Polding
2/25/20,Russia,Russia,3,4,A,Obadiah Janisson
5/12/19,Philippines,South Korea,4,1,H,Baird Roncelli
9/18/19,Argentina,Indonesia,4,2,H,Jannel Ashdown
2/28/20,Indonesia,Philippines,2,3,A,Deloris de Merida
7/1/19,Portugal,Mexico,2,2,D,Jessie Mouncher
9/12/19,Honduras,China,2,2,D,Michelina Enderle
11/22/19,Argentina,Dominican Republic,1,4,A,Holli Frankling
11/10/19,Thailand,Mauritius,3,3,D,Meyer Thouless
8/1/19,China,Ethiopia,1,2,A,Chandal Leney
1/30/20,Libya,Cyprus,1,4,A,Roz Goldie
8/5/19,South Korea,Philippines,4,3,H,Wylma Persse
3/21/20,Japan,Estonia,4,4,D,Latrina Eallis
1/22/20,United States,Indonesia,1,2,A,Flora Cadlock
6/4/19,Indonesia,Canada,1,1,D,Marita Foro
12/30/19,China,Cameroon,3,4,A,Alano Liddon
5/17/19,Russia,Guatemala,2,4,A,Laurianne Slee
8/20/19,China,Russia,1,2,A,Mariann Insoll
4/23/19,Sweden,Dominican Republic,3,4,A,Rodolph Macenzy
2/22/20,Indonesia,Czech Republic,3,4,A,Hermon Knath
8/3/19,Japan,Russia,2,3,A,Franciska Coyte
1/25/20,Cambodia,Mexico,4,1,H,Jean Balmer
12/4/19,China,China,2,1,H,Alisun Bolmann
2/9/20,Ukraine,Bosnia and Herzegovina,4,1,H,Giorgia Baraclough
2/16/20,Canada,Indonesia,2,2,D,Burtie Antoni
5/20/19,Indonesia,Venezuela,4,4,D,Justino Wrigley
10/21/19,China,Russia,4,4,D,Winna Escudier
12/20/19,China,France,4,3,H,Melvin Dowrey
2/12/20,Mexico,China,4,2,H,Randa MacMichael
8/17/19,Finland,China,3,4,A,Natal Tidd
2/6/20,Czech Republic,Indonesia,3,1,H,Tannie Telfer
6/11/19,China,Maldives,4,2,H,Sunny Loosely
3/30/20,Cuba,China,4,4,D,Esme Vousden
5/20/19,China,Indonesia,2,4,A,Adolpho Dowle
7/21/19,Honduras,China,2,3,A,Fair Merill
1/24/20,China,Czech Republic,1,1,D,Edee Yvon
3/29/20,Paraguay,Cambodia,3,2,H,Ramsey Brameld
10/10/19,Maldives,Colombia,1,1,D,Seth Landa
10/22/19,Philippines,Indonesia,2,3,A,Ailis Mallan
8/15/19,China,Brazil,1,3,A,Pearce Shorto
2/1/20,Japan,Philippines,4,2,H,Brena Cahan
1/28/20,Indonesia,Argentina,3,4,A,Dannel Lathee
1/3/20,China,Philippines,3,3,D,Mitchel Songist
7/31/19,Philippines,Japan,4,4,D,Gusty Colleer
4/14/20,Philippines,Ireland,2,3,A,Valry Prahm
7/15/19,Mexico,Czech Republic,2,1,H,Diann Scrimgeour
1/9/20,China,Thailand,3,2,H,Oriana Lukianovich
12/4/19,Indonesia,Sweden,2,1,H,Conant Jobey
12/2/19,Madagascar,China,2,3,A,Charmaine Tongue
8/10/19,Bulgaria,Costa Rica,1,4,A,Elton MacTrusty
2/21/20,Mauritius,Lithuania,4,2,H,Teodoro Gresley
8/21/19,Czech Republic,Indonesia,2,1,H,Nata Alves
1/12/20,France,Spain,3,2,H,Ezekiel Cramond
7/8/19,Indonesia,Ukraine,4,4,D,Janetta Menlow
3/14/20,China,Philippines,2,1,H,Nerte Jerg
12/12/19,China,Iran,2,4,A,Chilton Crowley
5/17/19,China,China,3,2,H,Sherwynd Shelly
4/11/20,Russia,Trinidad and Tobago,4,2,H,Abner De Mico
5/12/19,China,China,4,1,H,Orelia Plose
12/25/19,China,American Samoa,4,1,H,Ronnica Olivazzi
10/4/19,China,Russia,1,4,A,Milka Thinn
3/7/20,Dominican Republic,France,3,2,H,Willard Dislee
1/30/20,Senegal,Indonesia,2,1,H,Haven Prier
10/23/19,Kazakhstan,Thailand,4,4,D,Chiquia Grigsby
3/31/20,Philippines,Greece,3,1,H,Carter Bootland
6/12/19,Indonesia,China,3,4,A,Cindie Ingrem
5/30/19,Vietnam,Ukraine,2,3,A,Janenna Jaggers
8/29/19,China,Malaysia,2,1,H,Ariana Rawcliff
9/25/19,Estonia,Poland,4,4,D,Kayley Storcke
9/19/19,China,Dominican Republic,1,3,A,Lyle Lendon
3/4/20,China,Portugal,3,3,D,Roseanna Ducker
1/2/20,Indonesia,Myanmar,2,2,D,Devin Dondon
8/8/19,China,Indonesia,3,3,D,Jephthah Gillow
4/9/20,Ukraine,Sweden,2,3,A,Josh Robshaw
5/19/19,Canada,Indonesia,3,1,H,Alison Benford
2/14/20,China,Albania,2,4,A,Cad Gavrielli
6/25/19,Philippines,Russia,3,1,H,Stillmann Arnow
12/15/19,Sweden,Indonesia,4,4,D,Merrel Coye
11/25/19,Brazil,Saudi Arabia,4,1,H,Jacquelin Kilpin
1/21/20,Belarus,Japan,2,1,H,Rossy Yarn
10/6/19,Tanzania,Brazil,1,2,A,Shaun Ledgister
8/31/19,Brazil,China,3,2,H,Pearl Mantripp
2/14/20,Canada,Russia,4,2,H,Luce Alesin
9/6/19,Macedonia,Philippines,2,1,H,Wren Casterton
11/9/19,Nigeria,Brazil,4,2,H,Armin Ogilvie
10/9/19,China,Bolivia,4,2,H,Sammy Cracknell
4/1/20,Russia,China,2,2,D,Catlin Soff
8/2/19,Sweden,Thailand,3,4,A,Izabel Cianni
4/26/19,Russia,China,2,4,A,Theadora St. John
4/28/19,Indonesia,Indonesia,3,3,D,Alain Glassborow
1/14/20,Sweden,Russia,1,4,A,Blinnie Mollindinia
9/27/19,Central African Republic,Croatia,1,3,A,Antoinette Braemer
10/14/19,Tunisia,Colombia,3,1,H,Ruttger Lound
1/4/20,Luxembourg,Colombia,4,3,H,Rickie Trevaskus
3/18/20,Philippines,China,2,2,D,Gabey Pears
5/17/19,China,Indonesia,3,4,A,Alfreda Mityukov
1/20/20,China,Indonesia,3,2,H,Remus Jeakins
8/29/19,Portugal,Indonesia,1,1,D,Walton Dearle
4/30/19,Russia,Indonesia,1,1,D,Catrina McPaik
1/10/20,Canada,Indonesia,2,2,D,Sella Jann
8/19/19,Philippines,Chile,2,3,A,Bernie Collcutt
4/6/20,Poland,China,4,3,H,Jayme Kall
12/11/19,Philippines,Philippines,4,3,H,Charmane Andrzejak
6/13/19,Uruguay,United States,4,3,H,Allegra Phillipps
5/13/19,France,Iran,2,1,H,Obadias Riccelli
5/28/19,Brazil,Bolivia,1,3,A,Laurella Ambrosetti
12/6/19,United States,Japan,4,1,H,Reinaldo Baudin
12/22/19,Russia,Niger,1,1,D,Adoree Kettlesting
9/13/19,Philippines,Serbia,4,1,H,Sheppard Castana
5/29/19,South Korea,Indonesia,4,3,H,Leupold Easbie
1/14/20,Poland,Vietnam,4,2,H,Buck Nasi
6/18/19,Canada,Colombia,4,3,H,Nial Ewin
12/9/19,Colombia,Argentina,2,2,D,Tera Cormode
12/30/19,Afghanistan,Russia,4,2,H,Krissie Soutter
7/1/19,China,Russia,1,4,A,Mara Pottes
3/17/20,Poland,Ukraine,1,3,A,Jocelin Quare
9/22/19,Russia,Japan,1,1,D,Brew Southway
8/15/19,China,Sweden,3,2,H,Kiley Macallam
6/18/19,China,Ukraine,2,1,H,Lauritz Bedow
6/9/19,Philippines,Russia,3,3,D,Kipper Molson
2/2/20,China,Brazil,1,1,D,Dode Mulqueeny